{
    "parent_frame_id": "floor",
    "child_frame_id": "above_table",
    "transform": {
      "translation": {
        "x": -0.40868112180354127,
        "y": -0.20633523301733295,
        "z": 0.768355732052459
    },
      "rotation": {
        "x": 0.006142974827231111,
        "y": 0.006397951218832468,
        "z": 0.9060032853709362,
        "w": 0.42317771323351056
      }
    },
    "extra_data": {
      "active": false
    }
}