{
    "parent_frame_id": "floor",
    "child_frame_id": "pose_2",
    "transform": {
      "translation": {
        "x": -0.3944276681260108,
        "y": -0.12340538639477253,
        "z": 0.7197470536661453
    },
      "rotation": {
        "x": 0.008716348996738172,
        "y": -0.003512931892986311,
        "z": 0.7380031703262966,
        "w": 0.6747318023911557
      }
    },
    "extra_data": {
      "active": false
    }
}