{
    "parent_frame_id": "floor",
    "child_frame_id": "pose_1",
    "transform": {
      "translation": {
        "x": -0.2521362290059257,
        "y": -0.32589145775959905,
        "z": 0.7155899267196388
    },
      "rotation": {
        "x": -0.016632093693221977,
        "y": 0.0028597132937983223,
        "z": 0.8996690934538378,
        "w": 0.4362461664968606
      }
    },
    "extra_data": {
      "active": false
    }
}